"STATION","DATE","PRCP","TAVG","TMAX","TMIN"
"USC00300183","1980-01","0.77","24.9","33.0","16.8"
"USC00300183","1980-02","0.82","20.1","28.6","11.6"
"USC00300183","1980-03","4.29","31.0","41.2","20.7"
"USC00300183","1980-04","2.83","45.2","57.2","33.1"
"USC00300183","1980-05","1.45","56.3","70.2","42.5"
"USC00300183","1980-06","2.59","60.3","73.9","46.7"
"USC00300183","1980-07","1.50","67.9","81.7","54.1"
"USC00300183","1980-08","4.78","69.7","80.0","59.3"
"USC00300183","1980-09","3.97","61.0","74.1","47.9"
"USC00300183","1980-10","5.09","45.9","56.2","35.7"
"USC00300183","1980-11","2.49","35.5","43.9","27.1"
"USC00300183","1980-12","1.99","22.5","33.6","11.5"
"USC00300183","1981-01","0.83","16.3","26.6","6.0"
"USC00300183","1981-02","2.87","29.7","40.3","19.1"
"USC00300183","1981-03","1.09","31.7","41.7","21.7"
"USC00300183","1981-04","2.89","47.1","59.5","34.7"
"USC00300183","1981-05","2.40","54.3","69.4","39.1"
"USC00300183","1981-06","3.40","65.3","77.3","53.3"
"USC00300183","1981-07","6.46","67.4","78.5","56.2"
"USC00300183","1981-08","2.52","65.5","76.8","54.2"
"USC00300183","1981-09","3.86","58.4","66.8","49.9"
"USC00300183","1981-10","5.19","46.4","57.2","35.7"
"USC00300183","1981-11","2.59","37.8","47.6","27.9"
"USC00300183","1981-12","2.07",,,
"USC00300183","1982-02","2.61","22.4","33.0","11.7"
"USC00300183","1982-03","1.95",,,"19.3"
"USC00300183","1982-04","1.33",,,"24.5"
"USC00300183","1982-05","2.86","56.9","72.6","41.2"
"USC00300183","1982-06","6.30",,,"50.9"
"USC00300183","1982-07","2.76","67.1","80.1","54.1"
"USC00300183","1982-08","2.02",,,"50.7"
"USC00300183","1982-09","3.57","59.4","70.9","47.8"
"USC00300183","1982-10","1.15",,,"36.2"
"USC00300183","1982-11","5.96","41.3","49.7","32.9"
"USC00300183","1982-12","1.71",,,
"USC00300183","1983-01","1.12",,,"17.6"
"USC00300183","1983-02","0.51","27.8","38.2","17.5"
"USC00300183","1983-03","2.70",,,"25.9"
"USC00300183","1983-04","3.28",,,"31.9"
"USC00300183","1983-05","3.24",,,"39.8"
"USC00300183","1983-06","7.27",,,"50.0"
"USC00300183","1983-07","1.90","68.7","81.6","55.8"
"USC00300183","1983-08","6.58",,,"57.4"
"USC00300183","1983-09","2.05","60.0","72.1","47.8"
"USC00300183","1983-10","2.39",,,"38.0"
"USC00300183","1983-11","3.61",,,"29.9"
"USC00300183","1983-12","3.39",,,"15.6"
"USC00300183","1984-01","1.13","17.3","27.6","7.0"
"USC00300183","1984-02","3.80","31.6","41.0","22.2"
"USC00300183","1984-03","1.84","25.3","35.5","15.0"
"USC00300183","1984-04","3.84",,,"32.6"
"USC00300183","1984-05","7.46",,,"37.8"
"USC00300183","1984-06","8.24","61.5","75.7","47.3"
"USC00300183","1984-07","3.61","64.0","75.9","52.1"
"USC00300183","1984-08","5.61","65.6","76.8","54.5"
"USC00300183","1984-09","2.85","55.1","67.0","43.2"
"USC00300183","1984-10","2.37",,,"38.1"
"USC00300183","1984-11","1.34",,,
"USC00300183","1984-12","2.16",,,
"USC00300183","1985-01","0.91",,,
"USC00300183","1985-02","1.11",,,"11.5"
"USC00300183","1985-03","4.50",,,"19.5"
"USC00300183","1985-04","1.90","46.6","61.2","32.0"
"USC00300183","1985-05","1.44","54.8","70.5","39.1"
"USC00300183","1985-06","4.07",,,"42.0"
"USC00300183","1985-07","2.13","63.6","77.1","50.1"
"USC00300183","1985-08","3.06","64.2","77.5","50.8"
"USC00300183","1985-09","1.58","58.8","72.7","44.8"
"USC00300183","1985-10","4.19",,,"34.5"
"USC00300183","1985-11","6.63","41.2","50.2","32.1"
"USC00300183","1985-12","2.32",,,
"USC00300183","1986-01","1.45",,,"11.4"
"USC00300183","1986-02","3.16","21.7","29.0","14.4"
"USC00300183","1986-03","0.74","33.4","45.9","20.8"
"USC00300183","1986-04","3.11","44.4","58.0","30.8"
"USC00300183","1986-05","1.82","56.2","70.3","42.0"
"USC00300183","1986-06","7.62","59.6","73.0","46.3"
"USC00300183","1986-07","6.98","64.7","75.5","53.9"
"USC00300183","1986-08","2.27","61.6","73.4","49.8"
"USC00300183","1986-09","3.34","56.6","67.9","45.4"
"USC00300183","1986-10","4.12",,,"36.8"
"USC00300183","1986-11","1.78",,,"23.7"
"USC00300183","1986-12","1.28",,,"22.0"
"USC00300183","1987-01","2.11","20.2","29.9","10.5"
"USC00300183","1987-02","0.56","19.1","33.4","4.7"
"USC00300183","1987-03","1.55","34.7","48.1","21.2"
"USC00300183","1987-04","3.94","45.8","58.7","32.8"
"USC00300183","1987-05","1.88","54.4","68.2","40.7"
"USC00300183","1987-06","4.53","62.8","75.6","50.0"
"USC00300183","1987-07","5.65","68.3","79.7","57.0"
"USC00300183","1987-08","4.79","61.5","72.6","50.4"
"USC00300183","1987-09","4.39","57.0","66.6","47.4"
"USC00300183","1987-10","1.57","42.7","54.5","30.9"
"USC00300183","1987-11","1.85",,,"27.1"
"USC00300183","1987-12","1.72","30.5","37.0","24.0"
"USC00300183","1988-01","0.58",,,"9.5"
"USC00300183","1988-02","1.89","20.1","32.0","8.1"
"USC00300183","1988-03","1.40","30.3","42.7","17.8"
"USC00300183","1988-04","4.02","41.2","52.4","29.9"
"USC00300183","1988-05","2.66","53.7","68.0","39.4"
"USC00300183","1988-06","1.62","57.2","71.7","42.7"
"USC00300183","1988-07","3.61","67.5","82.4","52.7"
"USC00300183","1988-08","2.81","65.9","79.2","52.6"
"USC00300183","1988-09","2.08","54.9","69.1","40.6"
"USC00300183","1988-10","2.74","41.8","51.2","32.4"
"USC00300183","1988-11","2.06","38.8","49.2","28.3"
"USC00300183","1988-12","1.63","25.6","36.0","15.2"
"USC00300183","1989-01","1.44",,,"16.4"
"USC00300183","1989-02","2.14",,,"10.8"
"USC00300183","1989-03","3.37","31.4","44.2","18.7"
"USC00300183","1989-04","1.78","39.5","52.4","26.7"
"USC00300183","1989-05","6.18",,,"38.4"
"USC00300183","1989-06","8.36","62.3","72.8","51.8"
"USC00300183","1989-07","3.59","65.6","77.5","53.7"
"USC00300183","1989-08","3.35","63.0","74.9","51.0"
"USC00300183","1989-09","4.11","56.9","68.8","45.0"
"USC00300183","1989-10","2.18","48.3","62.9","33.8"
"USC00300183","1989-11","2.44","35.6","46.9","24.3"
"USC00300183","1989-12","1.20","12.5","24.4","0.7"
"USC00300183","1990-01","2.54",,,"22.3"
"USC00300183","1990-02","3.84",,,"16.6"
"USC00300183","1990-03","1.56","34.5","46.5","22.5"
"USC00300183","1990-04","1.34",,"58.2",
"USC00300183","1990-05","4.06",,"64.7",
"USC00300183","1990-06","1.27",,"75.8",
"USC00300183","1990-07","5.67",,"79.4",
"USC00300183","1990-08","2.76",,"77.1",
"USC00300183","1990-09","4.75",,"68.7",
"USC00300183","1990-10","6.45",,"61.9",
"USC00300183","1990-11","1.92",,"49.6",
"USC00300183","1990-12","4.44",,,
"USC00300183","1991-01","1.04",,,
"USC00300183","1991-02","1.56",,"40.1",
"USC00300183","1991-03","2.58","35.0","45.8","24.2"
"USC00300183","1991-04","3.44",,"60.2",
"USC00300183","1991-05","2.22",,"79.0",
"USC00300183","1991-06","0.32",,"80.4",
"USC00300183","1991-07","4.72",,"82.5",
"USC00300183","1991-08","3.86",,"79.3",
"USC00300183","1991-09","2.50",,"71.1",
"USC00300183","1991-10","2.41",,"63.7",
"USC00300183","1991-11","3.02",,"46.0",
"USC00300183","1991-12","3.89",,,
"USC00300183","1992-01","1.56",,,
"USC00300183","1992-02","1.20","25.9","35.9","15.9"
"USC00300183","1992-03","3.51","28.9","40.4","17.5"
"USC00300183","1992-04","4.33","42.0","53.6","30.3"
"USC00300183","1992-05","3.09","52.9","67.8","37.9"
"USC00300183","1992-06","2.18","58.8","73.9","43.8"
"USC00300183","1992-07","7.96","63.9","74.4","53.3"
"USC00300183","1992-08","4.59","61.6","73.3","49.9"
"USC00300183","1992-09","5.41","56.2","69.0","43.4"
"USC00300183","1992-10","3.59","43.0","55.2","30.7"
"USC00300183","1992-11","4.37","37.0","44.0","30.0"
"USC00300183","1992-12","2.94","28.3","36.6","20.1"
"USC00300183","1993-01","2.70",,,"18.1"
"USC00300183","1993-02","3.03","16.6","30.9","2.3"
"USC00300183","1993-03","2.82","27.5","42.7","12.3"
"USC00300183","1993-04","5.89","45.0","58.7","31.4"
"USC00300183","1993-05","1.01","52.9","68.8","37.1"
"USC00300183","1993-06","2.91","61.1","75.8","46.3"
"USC00300183","1993-07","3.48","68.3","82.3","54.2"
"USC00300183","1993-08","3.01","65.9","79.4","52.5"
"USC00300183","1993-09","2.96",,,
"USC00300183","1993-10","2.01","45.2","59.3","31.2"
"USC00300183","1993-11","4.57","37.3","46.8","27.8"
"USC00300183","1993-12","1.99","24.2","34.1","14.3"
"USC00300183","1994-01","2.50",,,"3.5"
"USC00300183","1994-02","2.40","18.5","31.9","5.1"
"USC00300183","1994-03","3.52","27.8","40.0","15.5"
"USC00300183","1994-04","4.56","44.9","60.4","29.4"
"USC00300183","1994-05","3.09","49.4","63.6","35.2"
"USC00300183","1994-06","7.57","63.8","78.0","49.5"
"USC00300183","1994-07","1.07","68.9","82.0","55.7"
"USC00300183","1994-08","6.04","62.5","75.8","49.3"
"USC00300183","1994-09","2.59","56.9","70.1","43.7"
"USC00300183","1994-10","1.17","47.1","62.0","32.3"
"USC00300183","1994-11","5.19","42.1","54.6","29.7"
"USC00300183","1994-12","1.96","31.2","42.8","19.7"
"USC00300183","1995-01","3.08",,,"18.9"
"USC00300183","1995-02","1.31","18.9","31.6","6.3"
"USC00300183","1995-03","1.23","34.7","49.5","19.9"
"USC00300183","1995-04","1.96","39.2","52.9","25.5"
"USC00300183","1995-05","1.88","52.1","66.8","37.4"
"USC00300183","1995-06","2.24","64.7","79.1","50.3"
"USC00300183","1995-07","2.17","68.5","82.4","54.7"
"USC00300183","1995-08","2.35","67.2","82.5","51.9"
"USC00300183","1995-09","2.04","54.2","69.7","38.8"
"USC00300183","1995-10","7.41","49.6","64.4","34.8"
"USC00300183","1995-11","3.64","30.7","38.2","23.3"
"USC00300183","1995-12","1.69","19.7","27.9","11.5"
"USC00300183","1996-01","3.65",,,"6.5"
"USC00300183","1996-02","1.24","19.4","29.9","8.9"
"USC00300183","1996-03","2.42","26.5","40.7","12.2"
"USC00300183","1996-04","4.83","38.6","50.6","26.5"
"USC00300183","1996-05","5.34",,,"38.7"
"USC00300183","1996-06","4.55","61.9","74.4","49.5"
"USC00300183","1996-07","3.93","61.0","73.9","48.1"
"USC00300183","1996-08","4.11","62.9","76.6","49.1"
"USC00300183","1996-09","5.83","55.1","66.2","44.0"
"USC00300183","1996-10","4.38","48.4","62.6","34.2"
"USC00300183","1996-11","4.14","32.5","40.7","24.2"
"USC00300183","1996-12","2.13",,,"26.1"
"USC00300183","1997-01","1.30",,,"9.9"
"USC00300183","1997-02","2.37","28.6","40.5","16.7"
"USC00300183","1997-03","2.96","32.6","43.5","21.8"
"USC00300183","1997-04","1.52","40.0","54.4","25.5"
"USC00300183","1997-05","3.61","47.8","62.1","33.5"
"USC00300183","1997-06","7.14","64.0","78.1","49.9"
"USC00300183","1997-07","2.65","65.3","79.1","51.4"
"USC00300183","1997-08","2.50","62.7","75.7","49.7"
"USC00300183","1997-09","4.95","56.7","69.8","43.7"
"USC00300183","1997-10","1.74","46.7","61.0","32.4"
"USC00300183","1997-11","3.87","34.7","43.1","26.4"
"USC00300183","1997-12","2.46","28.5","37.3","19.8"
"USC00300183","1998-01","4.77","29.9","39.5","20.3"
"USC00300183","1998-02","1.61","32.2","43.4","20.9"
"USC00300183","1998-03","3.43","35.2","47.5","22.9"
"USC00300183","1998-04","3.70","44.8","59.3","30.4"
"USC00300183","1998-05","2.89","59.1","73.0","45.2"
"USC00300183","1998-06","5.74","62.3","74.7","49.8"
"USC00300183","1998-07","4.93","65.3","79.5","51.0"
"USC00300183","1998-08","3.69","66.6","80.7","52.6"
"USC00300183","1998-09","2.65","59.7","74.5","44.9"
"USC00300183","1998-10","2.22","47.4","61.0","33.9"
"USC00300183","1998-11","1.19","37.7","47.9","27.5"
"USC00300183","1998-12","1.80",,,"20.5"
"USC00300183","1999-01","3.93",,,"7.9"
"USC00300183","1999-02","0.94","25.3","37.7","13.0"
"USC00300183","1999-03","2.79","26.4","40.3","12.5"
"USC00300183","1999-04","3.72","42.1","56.1","28.0"
"USC00300183","1999-05","3.44","55.1","71.7","38.5"
"USC00300183","1999-06","2.34","62.6","77.7","47.4"
"USC00300183","1999-07","3.21","67.5","82.3","52.8"
"USC00300183","1999-08","6.07","61.3","75.1","47.5"
"USC00300183","1999-09","4.55","60.1","74.9","45.2"
"USC00300183","1999-10","1.75","47.0","60.8","33.3"
"USC00300183","1999-11","2.82","42.0","53.3","30.7"
"USC00300183","1999-12","2.20","28.7","38.7","18.6"
"USC00300183","2000-01","3.13",,,"8.3"
"USC00300183","2000-02","2.06","27.3","39.3","15.3"
"USC00300183","2000-03","2.01","38.3","51.2","25.4"
"USC00300183","2000-04","4.13","43.6","55.8","31.5"
"USC00300183","2000-05","4.50","56.3","71.1","41.5"
"USC00300183","2000-06","6.90","64.6","76.3","52.8"
"USC00300183","2000-07","3.18","63.6","77.1","50.1"
"USC00300183","2000-08","2.70","64.3","77.0","51.6"
"USC00300183","2000-09","3.42","57.5","70.9","44.0"
"USC00300183","2000-10","2.65","46.8","61.0","32.6"
"USC00300183","2000-11","1.93","34.8","44.3","25.2"
"USC00300183","2000-12","1.48","18.8","29.4","8.1"
"USC00300183","2001-01","0.97","23.5","32.3","14.8"
"USC00300183","2001-02","1.49",,,"15.9"
"USC00300183","2001-03","4.04","26.9","37.0","16.7"
"USC00300183","2001-04","1.81","44.3","59.1","29.6"
"USC00300183","2001-05","2.69","54.6","70.9","38.3"
"USC00300183","2001-06","2.94","63.2","77.2","49.2"
"USC00300183","2001-07","1.52","63.3","77.7","48.9"
"USC00300183","2001-08","2.78","66.6","82.3","50.9"
"USC00300183","2001-09","3.65","55.8","70.2","41.4"
"USC00300183","2001-10","3.27","47.6","61.2","34.0"
"USC00300183","2001-11","2.37","42.3","55.2","29.5"
"USC00300183","2001-12","2.91",,,"23.0"
"USC00300183","2002-01","2.04","29.4","38.2","20.7"
"USC00300183","2002-02","2.14",,,"17.1"
"USC00300183","2002-03","3.20","32.9","46.0","19.8"
"USC00300183","2002-04","3.95","44.6","58.0","31.2"
"USC00300183","2002-05","6.36","49.4","64.2","34.6"
"USC00300183","2002-06","6.34","63.1","76.7","49.5"
"USC00300183","2002-07","2.22","66.6","80.5","52.8"
"USC00300183","2002-08","2.06","65.2","79.7","50.8"
"USC00300183","2002-09","4.15","60.3","75.7","44.8"
"USC00300183","2002-10","3.00","44.8","55.8","33.9"
"USC00300183","2002-11","3.35","36.1","43.8","28.4"
"USC00300183","2002-12","3.99",,,"15.0"
"USC00300183","2003-01","2.50","14.6","24.1","5.0"
"USC00300183","2003-02","1.81","18.3","29.3","7.2"
"USC00300183","2003-03","2.25",,,"18.1"
"USC00300183","2003-04","2.75","43.6","58.0","29.2"
"USC00300183","2003-05","3.44","53.1","66.1","40.1"
"USC00300183","2003-06","3.75","60.1","72.7","47.6"
"USC00300183","2003-07","8.44","65.4","78.5","52.2"
"USC00300183","2003-08","7.66","67.7","79.8","55.5"
"USC00300183","2003-09","4.87","58.3","70.9","45.8"
"USC00300183","2003-10","2.92","44.6","57.7","31.5"
"USC00300183","2003-11","3.37","41.9","53.0","30.8"
"USC00300183","2003-12","2.98","29.3","38.7","19.8"
"USC00300183","2004-01","2.48",,,"6.7"
"USC00300183","2004-02","0.84","22.1","37.7","6.5"
"USC00300183","2004-03","2.32","36.9","47.0","26.9"
"USC00300183","2004-04","4.41","44.7","56.4","33.0"
"USC00300183","2004-05","8.26","59.8","72.8","46.8"
"USC00300183","2004-06","5.00","61.0","74.0","48.0"
"USC00300183","2004-07","4.50","66.7","77.7","55.6"
"USC00300183","2004-08","6.15","65.3","76.6","53.9"
"USC00300183","2004-09","4.83","62.3","75.5","49.1"
"USC00300183","2004-10","1.60","48.3","60.5","36.2"
"USC00300183","2004-11","2.19","39.7","50.2","29.2"
"USC00300183","2004-12","3.38","28.7","38.5","18.9"
"USC00300183","2005-01","4.19",,,"9.6"
"USC00300183","2005-02","1.87",,,"9.6"
"USC00300183","2005-03","2.11","26.7","38.1","15.3"
"USC00300183","2005-04","3.20","44.7","60.7","28.7"
"USC00300183","2005-05","1.33","48.5","64.4","32.5"
"USC00300183","2005-06","3.32","66.7","80.7","52.6"
"USC00300183","2005-07","2.05","68.9","83.6","54.2"
"USC00300183","2005-08","4.83","67.7","82.7","52.7"
"USC00300183","2005-09","4.09","60.0","76.3","43.7"
"USC00300183","2005-10","5.09","48.0","58.5","37.4"
"USC00300183","2005-11","4.73",,,"29.3"
"USC00300183","2005-12","1.58","24.1","31.1","17.0"
"USC00300183","2006-01","3.20",,,"22.9"
"USC00300183","2006-02","1.96","25.2","34.3","16.1"
"USC00300183","2006-03","2.22","31.4","42.8","19.9"
"USC00300183","2006-04","2.40","45.1","60.2","30.0"
"USC00300183","2006-05","2.22","53.5","67.4","39.8"
"USC00300183","2006-06","4.35","62.4","73.7","51.1"
"USC00300183","2006-07","6.36","67.9","79.0","56.7"
"USC00300183","2006-08","4.94","64.9","77.0","52.8"
"USC00300183","2006-09","5.13","55.6","64.8","46.4"
"USC00300183","2006-10","5.96","45.3","56.0","34.6"
"USC00300183","2006-11","2.59","42.3","52.8","31.7"
"USC00300183","2006-12","2.67","35.3","43.3","27.3"
"USC00300183","2007-01","4.56",,,"18.3"
"USC00300183","2007-02","2.07","16.0","25.6","6.4"
"USC00300183","2007-03","2.79","33.3","47.7","19.0"
"USC00300183","2007-04","3.40","40.6","51.5","29.7"
"USC00300183","2007-05","0.91","55.2","72.2","38.2"
"USC00300183","2007-06","3.25","63.0","77.7","48.4"
"USC00300183","2007-07","4.57","62.6","75.8","49.4"
"USC00300183","2007-08","2.29","65.1","77.7","52.5"
"USC00300183","2007-09","3.35","59.7","74.0","45.4"
"USC00300183","2007-10","2.96","54.1","66.8","41.4"
"USC00300183","2007-11","3.37","35.8","44.9","26.7"
"USC00300183","2007-12","4.12","27.1","34.0","20.2"
"USC00300183","2008-01","1.25",,,"19.1"
"USC00300183","2008-02","3.92",,,"13.2"
"USC00300183","2008-03","4.42","28.4","40.2","16.6"
"USC00300183","2008-04","1.77","47.7","63.9","31.5"
"USC00300183","2008-05","2.93","49.1","63.3","35.0"
"USC00300183","2008-06","4.50","64.6","76.2","53.1"
"USC00300183","2008-07","4.38","65.3","77.3","53.3"
"USC00300183","2008-08","3.70","62.1","74.0","50.2"
"USC00300183","2008-09","3.71","58.0","70.2","45.7"
"USC00300183","2008-10","3.09","45.4","58.8","32.0"
"USC00300183","2008-11","2.09","34.9","43.8","26.0"
"USC00300183","2008-12","3.31",,,"18.6"
"USC00300183","2009-01","2.08","14.5","26.1","3.0"
"USC00300183","2009-02","1.09",,,"14.4"
"USC00300183","2009-03","3.12","33.5","47.1","20.0"
"USC00300183","2009-04","1.47","45.3","60.9","29.8"
"USC00300183","2009-05","3.55","54.2","69.0","39.4"
"USC00300183","2009-06","4.70","59.5","70.5","48.6"
"USC00300183","2009-07","3.63","61.4","72.3","50.5"
"USC00300183","2009-08","7.72","64.8","75.4","54.2"
"USC00300183","2009-09","1.49","59.0","71.0","47.0"
"USC00300183","2009-10","3.24","47.0","56.7","37.4"
"USC00300183","2009-11","1.61","42.0","53.4","30.6"
"USC00300183","2009-12","2.99","25.8","33.7","17.9"
"USC00300183","2010-01","2.04","23.1","32.1","14.1"
"USC00300183","2010-02","1.39","24.0","31.6","16.4"
"USC00300183","2010-03","2.59","37.8","51.1","24.4"
"USC00300183","2010-04","1.52","49.6","66.3","32.9"
"USC00300183","2010-05","3.00","58.6","73.4","43.8"
"USC00300183","2010-06","5.50","66.1","78.1","54.1"
"USC00300183","2010-07","5.11","70.6","83.9","57.3"
"USC00300183","2010-08","4.24","68.8","79.9","57.7"
"USC00300183","2010-09","3.03","61.0","73.0","48.9"
"USC00300183","2010-10","5.55","48.5","59.3","37.7"
"USC00300183","2010-11","2.74","38.6","48.7","28.5"
"USC00300183","2010-12","3.33","23.0","29.8","16.2"
"USC00300183","2011-01","1.46","20.2","27.9","12.5"
"USC00300183","2011-02","3.29","25.4","37.2","13.5"
"USC00300183","2011-03","4.04","33.2","43.3","23.0"
"USC00300183","2011-04","6.99","46.7","57.3","36.0"
"USC00300183","2011-05","7.11","59.4","70.5","48.3"
"USC00300183","2011-06","3.26","65.1","76.5","53.8"
"USC00300183","2011-07","0.99","72.4","85.4","59.4"
"USC00300183","2011-08","5.87","67.4","78.3","56.6"
"USC00300183","2011-09","4.01","63.3","73.0","53.5"
"USC00300183","2011-10","4.90",,,"39.0"
"USC00300183","2011-11","3.88",,,"35.3"
"USC00300183","2011-12","2.93","34.1","42.9","25.4"
"USC00300183","2012-01","2.21","28.3","38.8","17.8"
"USC00300183","2012-02","0.72","31.7","39.7","23.6"
"USC00300183","2012-03","2.04","47.3","59.7","34.9"
"USC00300183","2012-04","2.68","44.4","59.6","29.1"
"USC00300183","2012-05","2.80","62.3","76.6","48.0"
"USC00300183","2012-06","3.07","65.0","77.1","52.8"
"USC00300183","2012-07","4.84","71.9","82.4","61.4"
"USC00300183","2012-08","3.21","67.4","80.1","54.7"
"USC00300183","2012-09","4.31","59.9","71.3","48.6"
"USC00300183","2012-10","5.33","51.4","61.6","41.2"
"USC00300183","2012-11","0.79","36.7","44.4","29.0"
"USC00300183","2012-12","5.41","34.1","41.2","27.0"
"USC00300183","2013-01","2.17","27.6","35.2","19.9"
"USC00300183","2013-02","1.11","25.3","33.6","17.0"
"USC00300183","2013-03","1.14","29.8","36.6","23.0"
"USC00300183","2013-04","2.93","45.9","58.6","33.1"
"USC00300183","2013-05","3.25","58.9","73.9","43.9"
"USC00300183","2013-06","5.15","64.5","76.5","52.6"
"USC00300183","2013-07","4.05","69.7","81.9","57.5"
"USC00300183","2013-08","4.48","65.6","78.9","52.4"
"USC00300183","2013-09","3.44","58.8","72.6","45.0"
"USC00300183","2013-10","3.88","52.0","63.5","40.5"
"USC00300183","2013-11","3.51","35.0","44.5","25.4"
"USC00300183","2013-12","3.20","28.8","37.5","20.1"
"USC00300183","2014-01","1.78","18.1","28.5","7.6"
"USC00300183","2014-02","2.20","18.3","29.2","7.3"
"USC00300183","2014-03","2.46","26.8","39.1","14.5"
"USC00300183","2014-04","2.60","44.8","59.4","30.2"
"USC00300183","2014-05","5.56","56.8","70.7","43.0"
"USC00300183","2014-06","4.73","65.3","79.3","51.3"
"USC00300183","2014-07","4.66","65.7","78.0","53.4"
"USC00300183","2014-08","4.18","64.6","77.3","51.9"
"USC00300183","2014-09","2.98","60.0","73.1","46.9"
"USC00300183","2014-10","2.72","49.9","61.4","38.4"
"USC00300183","2014-11","2.42","35.1","44.4","25.8"
"USC00300183","2014-12","2.48","31.4","37.6","25.1"
"USC00300183","2015-01","1.89","17.4","28.7","6.1"
"USC00300183","2015-02","1.65","10.0","23.6","-3.7"
"USC00300183","2015-03","1.73","27.8","39.5","16.0"
"USC00300183","2015-04","4.00","44.7","58.6","30.7"
"USC00300183","2015-05","3.42","61.0","75.9","46.0"
"USC00300183","2015-06","6.72","63.9","75.5","52.4"
"USC00300183","2015-07","3.72","67.5","81.2","53.9"
"USC00300183","2015-08","2.76","66.1","78.7","53.3"
"USC00300183","2015-09","6.31","64.5","77.1","51.9"
"USC00300183","2015-10","4.80","47.5","58.8","36.1"
"USC00300183","2015-11","1.61","41.7","53.9","29.5"
"USC00300183","2015-12","3.86","39.3","48.6","30.0"
"USC00300183","2016-01","1.76","22.9","32.3","13.5"
"USC00300183","2016-02","3.09","26.5","37.6","15.3"
"USC00300183","2016-03","1.50","38.4","51.3","25.4"
"USC00300183","2016-04","2.46","40.6","54.8","26.5"
"USC00300183","2016-05","2.28","54.5","68.1","40.9"
"USC00300183","2016-06","2.13","62.8","78.5","47.1"
"USC00300183","2016-07","2.27","69.1","85.0","53.2"
"USC00300183","2016-08","5.17","71.9","85.3","58.6"
"USC00300183","2016-09","3.44","62.3","77.4","47.1"
"USC00300183","2016-10","7.80","50.9","62.9","38.8"
"USC00300183","2016-11","1.74","40.1","52.1","28.0"
"USC00300183","2016-12","4.69","27.8","35.2","20.5"
"USC00300183","2017-01","3.76","28.4","36.6","20.1"
"USC00300183","2017-02","2.51","32.6","42.7","22.6"
"USC00300183","2017-03","3.41","30.0","41.4","18.6"
"USC00300183","2017-04","4.17","48.9","61.9","36.0"
"USC00300183","2017-05","3.92","54.6","66.5","42.8"
"USC00300183","2017-06","3.68","63.6","77.1","50.1"
"USC00300183","2017-07","4.66","68.1","80.1","56.2"
"USC00300183","2017-08","2.02","64.8","78.8","50.7"
"USC00300183","2017-09","3.42","61.1","74.7","47.4"
"USC00300183","2017-10","6.76","53.4","66.3","40.5"
"USC00300183","2017-11","3.05","36.0","45.5","26.5"
"USC00300183","2017-12","2.29","24.5","33.0","16.1"
"USC00300183","2018-01","3.59","18.8","31.3","6.3"
"USC00300183","2018-02","2.66","30.3","41.4","19.1"
"USC00300183","2018-03","2.81","28.2","39.7","16.7"
"USC00300183","2018-04","3.18","37.5","48.6","26.4"
"USC00300183","2018-05","3.28","60.8","75.1","46.5"
"USC00300183","2018-06","3.62","63.4","75.8","51.1"
"USC00300183","2018-07","4.82","69.4","83.2","55.7"
"USC00300183","2018-08","6.37","69.6","80.5","58.6"
"USC00300183","2018-09","4.88","64.9","74.9","55.0"
"USC00300183","2018-10","5.99","48.6","57.5","39.6"
"USC00300183","2018-11","4.96","33.5","40.6","26.4"
"USC00300183","2018-12","2.58","30.9","37.9","23.9"
"USC00300183","2019-01","3.46","20.7","30.3","11.0"
"USC00300183","2019-02","2.19","25.5","35.7","15.2"
"USC00300183","2019-03","1.41","29.6","42.5","16.7"
"USC00300183","2019-04","3.81","44.3","57.4","31.2"
"USC00300183","2019-05","4.87","55.9","68.0","43.8"
"USC00300183","2019-06","6.65","62.3","75.1","49.4"
"USC00300183","2019-07","5.91","70.3","82.2","58.3"
"USC00300183","2019-08","2.30","66.1","78.6","53.6"
"USC00300183","2019-09","3.19","60.7","74.2","47.2"
"USC00300183","2019-10","3.96","50.2","62.1","38.4"
"USC00300183","2019-11","2.51","33.7","42.2","25.2"
"USC00300183","2019-12","3.31","29.0","38.4","19.6"
"USC00300183","2020-01","2.40","28.4","37.2","19.6"
"USC00300183","2020-02","3.28","26.8","36.0","17.5"
"USC00300183","2020-03","2.59","38.0","48.8","27.2"
"USC00300183","2020-04","2.80","40.7","51.7","29.8"
"USC00300183","2020-05","4.07","52.9","65.8","40.0"
"USC00300183","2020-06","1.90","63.8","78.3","49.3"
"USC00300183","2020-07","5.45","71.1","84.2","57.9"
"USC00300183","2020-08","2.23","67.5","81.3","53.7"
"USC00300183","2020-09","2.62","57.9","71.9","43.9"
"USC00300183","2020-10","3.45","48.4","58.9","37.8"
"USC00300183","2020-11","1.65","41.9","53.1","30.6"
"USC00300183","2020-12","3.28","29.7","37.1","22.3"
"USC00300183","2021-01","1.28","26.0","32.6","19.3"
"USC00300183","2021-02","1.59","21.6","32.3","10.9"
"USC00300183","2021-03","1.24","36.1","50.3","22.0"
"USC00300183","2021-04","4.13","45.5","57.9","33.1"
"USC00300183","2021-05","3.31","53.4","67.2","39.7"
"USC00300183","2021-06","2.74","66.2","79.8","52.5"
"USC00300183","2021-07","11.03","68.0","78.8","57.2"
"USC00300183","2021-08","5.24","70.3","81.7","58.9"
"USC00300183","2021-09","5.35","61.2","72.9","49.6"
"USC00300183","2021-10","5.19","55.9","65.3","46.5"
"USC00300183","2021-11","2.51","36.3","45.6","27.0"
"USC00300183","2021-12","2.70","34.6","42.2","27.0"
"USC00300183","2022-01","2.13","15.9","28.5","3.4"
"USC00300183","2022-02","4.07","23.6","36.1","11.2"
"USC00300183","2022-03","2.70","34.2","46.8","21.5"
"USC00300183","2022-04","2.68","43.6","55.6","31.6"
"USC00300183","2022-05","3.29","57.5","71.4","43.5"
"USC00300183","2022-06","2.06","64.4","78.1","50.6"
"USC00300183","2022-07","3.19","68.2","82.4","54.1"
"USC00300183","2022-08","4.41","68.5","81.4","55.6"
"USC00300183","2022-09","5.24","60.1","70.8","49.3"
"USC00300183","2022-10","0.75","46.7","60.9","32.5"
"USC00300183","2022-11","3.71","39.9","50.6","29.2"
"USC00300183","2022-12","2.04","28.9","36.8","21.1"
"USC00300183","2023-01","3.20","32.5","38.7","26.3"
"USC00300183","2023-02","1.87","30.1","41.3","18.9"
"USC00300183","2023-03","3.50","32.5","42.5","22.5"
"USC00300183","2023-04","2.82","48.2","62.9","33.4"
"USC00300183","2023-05","2.15","52.7","68.1","37.3"
"USC00300183","2023-06","2.43","61.7","74.2","49.2"
"USC00300183","2023-07","3.81","69.6","82.0","57.2"
"USC00300183","2023-08","2.08","65.4","77.0","53.9"
"USC00300183","2023-09","1.81","60.1","72.3","48.0"
"USC00300183","2023-10","2.89","51.6","61.7","41.5"
"USC00300183","2023-11","1.91","36.4","46.7","26.0"
"USC00300183","2023-12","3.06","36.4","43.5","29.3"
